pitches,symbols,name,tags,source,status,notes
E3 B3 D4 F#4 A4,Cmaj13(#11)/E,Rootless Guide Tone,"Ballad,Left-Hand",Bill Evans transcription,ready,"Was labelled Cmaj9(#11)/E; the A is the 13th."
F3 C4 G4 D5 A5,,So What Stack,"Modal,Miles",Miles Davis - So What,draft,"Was labelled Dm11/G but the lowest note is F, so there is no G bass. Re-capture over G or confirm the engine reading (F6/9)."
A2 D3 G3 C4 E4 G4,,Drop 2 Dominant,"Up-tempo,Swing",Rhythm Changes comp,draft,"Was labelled Bb13(#11)/A, but A is the major 7th of Bb (BbMaj13(#11)/A rootless). Confirm the intended chord and re-capture."
F3 A3 C4 E4,Dm9/F; Fmaj7,Rootless A minor,"collection:Rootless ii-V-I",Common practice,ready,
C4 E4 F4 A4,Dm9/C,Rootless B minor,"collection:Rootless ii-V-I",Common practice,ready,
B3 E4 F4 A4,"G13/B; Db7(#9,b13)/B; Dm6/9/B",Rootless A dominant,"collection:Rootless ii-V-I",Common practice,ready,
F3 A3 B3 E4,G13/F; Dm6/9/F,Rootless B dominant,"collection:Rootless ii-V-I",Common practice,ready,
E3 G3 B3 D4,Cmaj9/E; Em7,Rootless A major,"collection:Rootless ii-V-I",Common practice,ready,
B3 D4 E4 G4,Cmaj9/B,Rootless B major,"collection:Rootless ii-V-I",Common practice,ready,
D3 Ab3 C4 F4,"Dm7b5; E7(b9,b13)/D; Fm6/D",Half-diminished / altered,,Common practice,ready,
Eb3 A3 C4 G4,Cm6/Eb; Am7b5/Eb,Minor sixth,,Common practice,ready,
G2 B2 F3,G7,Root-3-7 shell,,Common practice,ready,
E3 A3 D4 G4 B4,Em7(11),So What,,Miles Davis,ready,
G3 C4 E4 B4,Cmaj7/G,Drop 2 major,,Common practice,ready,
C3 E3 Bb3 D4 F#4 A4,C13(#11),Upper structure D,,Common practice,ready,
C3 G3 D4 G4,Csus2,,,,ready,"Was labelled CMaj9, but there is no 3rd or 7th: root, 5th and 9th only."
C2 G2 D3 G3 D4 G4,Csus2,,,,ready,"Was labelled CMaj9, but there is no 3rd or 7th: root, 5th and 9th only."
C3 E3 B3,Cmaj7,Root-3-7 shell,collection:Shells,Common practice,ready,
C3 B3 E4,Cmaj7,Root-7-3 shell,collection:Shells,Common practice,ready,
C3 Eb3 Bb3,Cm7,Root-3-7 shell,collection:Shells,Common practice,ready,
C3 Bb3 Eb4,Cm7,Root-7-3 shell,collection:Shells,Common practice,ready,
G2 F3 B3,G7,Root-7-3 shell,collection:Shells,Common practice,ready,
C3 E3 A3,C6; Am/C,Root-3-6 shell,collection:Shells,Common practice,ready,
C3 Eb3 B3,Cm(maj7),Root-3-7 shell,collection:Shells,Common practice,ready,
C3 F3 Bb3,C7sus4,Root-4-7 shell,collection:Shells,Common practice,ready,
E3 A3 D4 G4,C6/9/E,Rootless A 6/9,collection:Rootless voicings,Common practice,ready,
A3 D4 E4 G4,C6/9/A; A7sus4,Rootless B 6/9,collection:Rootless voicings,Common practice,ready,
Eb3 A3 D4 G4,Cm6/9/Eb,Rootless A minor 6/9,collection:Rootless voicings,Common practice,ready,
Eb3 G3 B3 D4,CmMaj7(9)/Eb,Rootless A minor-major,collection:Rootless voicings,Common practice,ready,
E3 F#3 Bb3 D4,C9(#11)/E,Rootless A lydian dominant,collection:Rootless voicings,Common practice,ready,
F3 Ab3 C4 E4,Dm9b5/F; FmMaj7,Rootless A half-diminished,collection:Rootless minor ii-V-I,Common practice,ready,
C3 E3 F3 Ab3,Dm9b5/C,Rootless B half-diminished,collection:Rootless minor ii-V-I,Common practice,ready,
F3 Ab3 B3 Eb4,"G7(b9,b13)/F; Fm7b5",Rootless B altered,collection:Rootless minor ii-V-I,Common practice,ready,
B2 Eb3 F3 Ab3,"G7(b9,b13)/B",Rootless A altered,collection:Rootless minor ii-V-I,Common practice,ready,
C4 E4 G4 A4,C6; Am7/C,Close 6,collection:Close position,Common practice,ready,
C4 Eb4 G4 A4,Cm6; Am7b5/C,Close m6,collection:Close position,Common practice,ready,
C4 E4 G4 Bb4,C7,Close dominant 7,collection:Close position,Common practice,ready,
C4 Eb4 F#4 A4,Cdim7,Diminished 7,collection:Close position,Common practice,ready,
C4 E4 Ab4 Bb4,C7#5,Close augmented 7,collection:Close position,Common practice,ready,
B3 E4 G4 C5,Cmaj7/B,"Drop 2 maj7, 7th in bass",collection:Drop 2,Common practice,ready,
C3 G3 B3 E4,Cmaj7,"Drop 2 maj7, root in bass",collection:Drop 2,Common practice,ready,
E3 B3 C4 G4,Cmaj7/E,"Drop 2 maj7, 3rd in bass",collection:Drop 2,Common practice,ready,
Bb3 Eb4 G4 C5,Cm7/Bb; Eb6/Bb,"Drop 2 m7, 7th in bass",collection:Drop 2,Common practice,ready,
C3 G3 Bb3 Eb4,Cm7; Eb6/C,"Drop 2 m7, root in bass",collection:Drop 2,Common practice,ready,
Eb3 Bb3 C4 G4,Cm7/Eb; Eb6,"Drop 2 m7, 3rd in bass",collection:Drop 2,Common practice,ready,
G3 C4 Eb4 Bb4,Cm7/G; Eb6/G,"Drop 2 m7, 5th in bass",collection:Drop 2,Common practice,ready,
Bb3 E4 G4 C5,C7/Bb,"Drop 2 dominant 7, 7th in bass",collection:Drop 2,Common practice,ready,
C3 G3 Bb3 E4,C7,"Drop 2 dominant 7, root in bass",collection:Drop 2,Common practice,ready,
E3 Bb3 C4 G4,C7/E,"Drop 2 dominant 7, 3rd in bass",collection:Drop 2,Common practice,ready,
G3 C4 E4 Bb4,C7/G,"Drop 2 dominant 7, 5th in bass",collection:Drop 2,Common practice,ready,
Bb3 Eb4 F#4 C5,Cm7b5/Bb; Ebm6/Bb,"Drop 2 half-diminished, 7th in bass",collection:Drop 2,Common practice,ready,
Eb3 Bb3 C4 F#4,Cm7b5/Eb; Ebm6,"Drop 2 half-diminished, 3rd in bass",collection:Drop 2,Common practice,ready,
F#3 C4 Eb4 A4,Cdim7/Gb,Drop 2 diminished,collection:Drop 2,Common practice,ready,
C3 B3 E4 G4,Cmaj7,Drop 3 maj7,collection:Drop 3,Common practice,ready,
C3 Bb3 Eb4 G4,Cm7,Drop 3 m7,collection:Drop 3,Common practice,ready,
G2 F3 B3 D4,G7,Drop 3 dominant 7,collection:Drop 3,Common practice,ready,
D3 C4 F4 Ab4,Dm7b5,Drop 3 half-diminished,collection:Drop 3,Common practice,ready,
C3 A3 E4 G4,C6; Am7/C,Drop 3 6th,collection:Drop 3,Common practice,ready,
C3 E3 Bb3 Db4 E4 A4,"C7(b9,13)",Upper structure A (VI),collection:Upper structures,Common practice,ready,
C3 E3 Bb3 Eb4 G4 Bb4,C7(#9),Upper structure Eb (bIII),collection:Upper structures,Common practice,ready,
C3 E3 Bb3 C4 Eb4 Ab4,"C7(#9,b13)",Upper structure Ab (bVI),collection:Upper structures,Common practice,ready,
C3 E3 Bb3 Db4 F#4 Bb4,"C7(b9,#11)",Upper structure Gb (bV),collection:Upper structures,Common practice,ready,
C3 E3 B3 D4 F#4 A4,Cmaj13(#11),Upper structure D over maj7,collection:Upper structures,Common practice,ready,
C3 Bb3 D4 F4,C9sus4,Bb triad over C (sus),collection:Upper structures,Common practice,ready,
C3 G3 E4 B4 D5,Cmaj9,Spread maj9 (R-5 | 3-7-9),collection:Two-hand spreads,Common practice,ready,
D3 A3 F4 C5 E5,Dm9,Spread m9 (R-5 | 3-7-9),collection:Two-hand spreads,Common practice,ready,
G2 F3 B3 E4 A4,G13,Spread 13 (R-7 | 3-13-9),collection:Two-hand spreads,Common practice,ready,
C3 G3 D4 Eb4 Bb4 F5,Cm11,Kenny Barron minor 11,collection:Two-hand spreads,Common practice,ready,
C3 B3 E4 F#4 A4,"Cmaj7(#11,13)",Lydian spread,collection:Two-hand spreads,Common practice,ready,
G2 F3 B3 Eb4 Bb4,"G7(#9,b13)",Altered spread,collection:Two-hand spreads,Common practice,ready,
C4 E4 G4,C,"Major triad, root position",collection:Triads,Common practice,ready,
E4 G4 C5,C/E,"Major triad, 1st inversion",collection:Triads,Common practice,ready,
G4 C5 E5,C/G,"Major triad, 2nd inversion",collection:Triads,Common practice,ready,
C4 Eb4 G4,Cm,"Minor triad, root position",collection:Triads,Common practice,ready,
G4 C5 Eb5,Cm/G,"Minor triad, 2nd inversion",collection:Triads,Common practice,ready,
C4 F4 G4,Csus4,Sus4 triad,collection:Triads,Common practice,ready,
C4 E4 Ab4,Caug,Augmented triad,collection:Triads,Common practice,ready,
C4 Eb4 F#4,Cdim,Diminished triad,collection:Triads,Common practice,ready,
D3 G3 C4 E4,D9sus4,Fourths with a 3rd on top,collection:Quartal,Common practice,ready,
